<resources>
    <string name="app_name">ShoppingApp</string>
    <string name="action_settings">Settings</string>
	<string name="name">Enter Full Name</string>
	<string name="email">Email ID</string>
	<string name="password">Password</string>
	<string name="let_s_get_you_signed_in">Let\'s get you signed in!</string>
	<string name="let_s_get_you_signed_up">Sign Up</string>
	<string name="sign_in">Sign In</string>
	<string name="sign_up">Sign up</string>
	<string name="dont_have_account">Don\'t have account? Sign Up</string>
	<string name="dont_have_account_sign_in">Already have an have account? Sign In</string>
	<string name="search">Search Product</string>
</resources>
